{"62.204.41.176": {"first": 1676740181.025302, "last": 1677019874.743919, "alive": true}, "67.198.237.222": {"first": 1676740181.025361, "last": 1677019874.743951, "alive": true}, "panel984257.site": {"first": 1676740181.025384, "last": 1677019874.74397, "alive": false}, "84.21.172.35": {"first": 1676740181.037768, "last": 1677019874.818945, "alive": true}, "185.17.0.54": {"first": 1676740181.037794, "last": 1677019874.81898, "alive": true}, "167.235.69.31": {"first": 1676740181.037826, "last": 1677019874.818999, "alive": true}, "195.201.23.180": {"first": 1676740181.037841, "last": 1677019874.81901, "alive": true}, "farmriterural.com.au": {"first": 1676740181.037872, "last": 1677019874.819024, "alive": true}, "cryptoidea.help": {"first": 1676740181.255582, "last": 1677019875.033171, "alive": false}, "107.189.5.161": {"first": 1676740181.344175, "last": 1677019875.149673, "alive": true}, "s3rrrv3r.xyz": {"first": 1676740181.344201, "last": 1677019875.149707, "alive": true}, "qtvotqx-krf-6.ml": {"first": 1676740181.467802, "last": 1677019875.331672, "alive": true}, "h167159.srv11.test-hf.su": {"first": 1676740181.760041, "last": 1677019875.619714, "alive": true}, "144.168.243.177": {"first": 1676740182.181086, "last": 1677019876.242669, "alive": true}, "103.133.214.139": {"first": 1676740182.181127, "last": 1677019876.242698, "alive": true}, "unionbindinqcompany.it": {"first": 1676740182.181183, "last": 1677019876.242715, "alive": true}, "77.73.134.24": {"first": 1676740182.29587, "last": 1677019876.343799, "alive": true}, "72.251.235.155": {"first": 1676740182.29591, "last": 1677019876.343831, "alive": true}, "137.175.17.190": {"first": 1676740182.295928, "last": 1677019876.343846, "alive": true}, "grantable-excesses.000webhostapp.com": {"first": 1676740182.295955, "last": 1677019876.343872, "alive": true}, "45.15.159.230": {"first": 1676740182.599192, "last": 1677019876.665085, "alive": true}, "h166794.srv12.test-hf.su": {"first": 1676740182.599237, "last": 1677019876.665125, "alive": true}, "orderedami.com": {"first": 1676740183.006986, "last": 1677019877.201428, "alive": true}, "nazarene-fire.000webhostapp.com": {"first": 1676740183.055066, "last": 1677019877.263606, "alive": true}, "188.93.233.99": {"first": 1676740183.431557, "last": 1677019877.584586, "alive": true}, "179.43.142.79": {"first": 1676740183.431597, "last": 1677019877.584619, "alive": true}, "37.77.239.239:8752": {"first": 1676740183.431617, "last": 1677019877.584636, "alive": false}, "adobetmcdn.net": {"first": 1676740183.431674, "last": 1677019877.584683, "alive": true}, "89.208.104.172": {"first": 1676740183.481675, "last": 1677019877.614549, "alive": true}, "divmainbot.pages.dev": {"first": 1676740183.481744, "last": 1677019877.614583, "alive": true}, "80.76.51.212": {"first": 1676740183.49093, "last": 1677019877.651562, "alive": true}, "35.235.126.33": {"first": 1676740183.490955, "last": 1677019877.651584, "alive": true}, "ripple-wells-2022.net": {"first": 1676740183.490999, "last": 1677019877.651607, "alive": true}, "juggenbande.site": {"first": 1676740183.537599, "last": 1677019877.716519, "alive": false}, "91.213.50.36": {"first": 1676740183.558069, "last": 1677019877.75994, "alive": true}, "77.73.133.113": {"first": 1676740183.558118, "last": 1677019877.759966, "alive": true}, "mrfreeman.shop": {"first": 1676740183.558134, "last": 1677019877.759979, "alive": false}, "jonnyomar.xyz": {"first": 1676740183.626536, "last": 1677019877.797396, "alive": false}, "198.23.188.139": {"first": 1676740193.641114, "last": 1677019887.807816, "alive": true}, "techhint24.com": {"first": 1676740193.641161, "last": 1677019887.807852, "alive": false}, "192.3.101.26": {"first": 1676740194.810364, "last": 1677019890.097628, "alive": true}, "info123info.site": {"first": 1676740194.810435, "last": 1677019890.097675, "alive": false}, "194.180.48.203": {"first": 1676740194.825729, "last": 1677019890.171551, "alive": true}, "uaery.top": {"first": 1676740194.825761, "last": 1677019854.197065, "alive": false}, "guluiiiimnstrannaer.net": {"first": 1676740204.843669, "last": 1676948284.503334, "alive": true}, "privacy-tools-for-you-453.com": {"first": 1676740204.850492, "last": 1677019874.676689, "alive": true}, "cnom.sante.gov.ml": {"first": 1676740204.875178, "last": 1676948284.583295, "alive": true}, "31.42.177.59": {"first": 1676740212.853374, "last": 1676861905.466361, "alive": true}, "85.208.136.89": {"first": 1676740212.853421, "last": 1676861905.466397, "alive": true}, "gvcaeorx.tk": {"first": 1676740212.853446, "last": 1676775390.975357, "alive": false}, "208.67.105.179": {"first": 1676740213.298217, "last": 1676775395.728934, "alive": true}, "195.74.86.227": {"first": 1676826596.28798, "last": 1677019874.676649, "alive": true}, "163.123.143.4": {"first": 1676826596.288041, "last": 1677019874.676662, "alive": true}, "194.110.203.101": {"first": 1676826596.28806, "last": 1677019874.676671, "alive": true}, "hugersi.com": {"first": 1676826596.288089, "last": 1677019874.646364, "alive": true}, "79.137.207.113": {"first": 1676924811.382267, "last": 1677019874.67661, "alive": true}, "193.38.55.218": {"first": 1676924811.382303, "last": 1677019874.676638, "alive": true}, "jiqaz.com": {"first": 1677011298.556755, "last": 1677019864.212429, "alive": false}, "www.franceconsobanque.fr": {"first": 1677011308.624347, "last": 1677019874.232029, "alive": true}, "merafm.com": {"first": 1677011308.624642, "last": 1677019874.620239, "alive": true}}