{"62.204.41.176": {"first": 1676740181.025302, "last": 1676948257.01843, "alive": true}, "67.198.237.222": {"first": 1676740181.025361, "last": 1676948257.018459, "alive": true}, "panel984257.site": {"first": 1676740181.025384, "last": 1676948257.01848, "alive": false}, "84.21.172.35": {"first": 1676740181.037768, "last": 1676948257.032536, "alive": true}, "185.17.0.54": {"first": 1676740181.037794, "last": 1676948257.032567, "alive": true}, "167.235.69.31": {"first": 1676740181.037826, "last": 1676948257.032581, "alive": true}, "195.201.23.180": {"first": 1676740181.037841, "last": 1676948257.032593, "alive": true}, "farmriterural.com.au": {"first": 1676740181.037872, "last": 1676948257.03261, "alive": true}, "cryptoidea.help": {"first": 1676740181.255582, "last": 1676948257.257059, "alive": false}, "107.189.5.161": {"first": 1676740181.344175, "last": 1676948257.341048, "alive": true}, "s3rrrv3r.xyz": {"first": 1676740181.344201, "last": 1676948257.341094, "alive": true}, "qtvotqx-krf-6.ml": {"first": 1676740181.467802, "last": 1676948257.465599, "alive": true}, "h167159.srv11.test-hf.su": {"first": 1676740181.760041, "last": 1676948261.761295, "alive": true}, "144.168.243.177": {"first": 1676740182.181086, "last": 1676948262.169643, "alive": true}, "103.133.214.139": {"first": 1676740182.181127, "last": 1676948262.169684, "alive": true}, "unionbindinqcompany.it": {"first": 1676740182.181183, "last": 1676948262.169704, "alive": true}, "77.73.134.24": {"first": 1676740182.29587, "last": 1676948262.353723, "alive": true}, "72.251.235.155": {"first": 1676740182.29591, "last": 1676948262.353767, "alive": true}, "137.175.17.190": {"first": 1676740182.295928, "last": 1676948262.353786, "alive": true}, "grantable-excesses.000webhostapp.com": {"first": 1676740182.295955, "last": 1676948262.353819, "alive": true}, "45.15.159.230": {"first": 1676740182.599192, "last": 1676948262.522585, "alive": true}, "h166794.srv12.test-hf.su": {"first": 1676740182.599237, "last": 1676948262.522634, "alive": true}, "orderedami.com": {"first": 1676740183.006986, "last": 1676948262.729273, "alive": true}, "nazarene-fire.000webhostapp.com": {"first": 1676740183.055066, "last": 1676948262.783861, "alive": true}, "188.93.233.99": {"first": 1676740183.431557, "last": 1676948262.958915, "alive": true}, "179.43.142.79": {"first": 1676740183.431597, "last": 1676948262.958957, "alive": true}, "37.77.239.239:8752": {"first": 1676740183.431617, "last": 1676948262.958979, "alive": false}, "adobetmcdn.net": {"first": 1676740183.431674, "last": 1676948262.95904, "alive": true}, "89.208.104.172": {"first": 1676740183.481675, "last": 1676948262.987348, "alive": true}, "divmainbot.pages.dev": {"first": 1676740183.481744, "last": 1676948262.987399, "alive": true}, "80.76.51.212": {"first": 1676740183.49093, "last": 1676948262.996005, "alive": true}, "35.235.126.33": {"first": 1676740183.490955, "last": 1676948262.996038, "alive": true}, "ripple-wells-2022.net": {"first": 1676740183.490999, "last": 1676948262.996069, "alive": true}, "juggenbande.site": {"first": 1676740183.537599, "last": 1676948263.07624, "alive": false}, "91.213.50.36": {"first": 1676740183.558069, "last": 1676948263.089988, "alive": true}, "77.73.133.113": {"first": 1676740183.558118, "last": 1676948263.09003, "alive": true}, "mrfreeman.shop": {"first": 1676740183.558134, "last": 1676948263.090047, "alive": false}, "jonnyomar.xyz": {"first": 1676740183.626536, "last": 1676948263.132177, "alive": false}, "198.23.188.139": {"first": 1676740193.641114, "last": 1676948273.147209, "alive": true}, "techhint24.com": {"first": 1676740193.641161, "last": 1676948273.14725, "alive": false}, "192.3.101.26": {"first": 1676740194.810364, "last": 1676948274.474258, "alive": true}, "info123info.site": {"first": 1676740194.810435, "last": 1676948274.474325, "alive": false}, "194.180.48.203": {"first": 1676740194.825729, "last": 1676948274.485618, "alive": true}, "uaery.top": {"first": 1676740194.825761, "last": 1676948274.48565, "alive": false}, "guluiiiimnstrannaer.net": {"first": 1676740204.843669, "last": 1676948284.503334, "alive": true}, "privacy-tools-for-you-453.com": {"first": 1676740204.850492, "last": 1676948257.011276, "alive": true}, "cnom.sante.gov.ml": {"first": 1676740204.875178, "last": 1676948284.583295, "alive": true}, "31.42.177.59": {"first": 1676740212.853374, "last": 1676861905.466361, "alive": true}, "85.208.136.89": {"first": 1676740212.853421, "last": 1676861905.466397, "alive": true}, "gvcaeorx.tk": {"first": 1676740212.853446, "last": 1676775390.975357, "alive": false}, "208.67.105.179": {"first": 1676740213.298217, "last": 1676775395.728934, "alive": true}, "195.74.86.227": {"first": 1676826596.28798, "last": 1676948257.011227, "alive": true}, "163.123.143.4": {"first": 1676826596.288041, "last": 1676948257.011242, "alive": true}, "194.110.203.101": {"first": 1676826596.28806, "last": 1676948257.011253, "alive": true}, "hugersi.com": {"first": 1676826596.288089, "last": 1676948256.985666, "alive": true}, "79.137.207.113": {"first": 1676924811.382267, "last": 1676948257.011164, "alive": true}, "193.38.55.218": {"first": 1676924811.382303, "last": 1676948257.011212, "alive": true}}