{"62.204.41.176": {"first": 1676740181.025302, "last": 1678452329.410524, "alive": true}, "67.198.237.222": {"first": 1676740181.025361, "last": 1678452329.410551, "alive": true}, "panel984257.site": {"first": 1676740181.025384, "last": 1678452329.41057, "alive": false}, "84.21.172.35": {"first": 1676740181.037768, "last": 1678452329.431145, "alive": true}, "185.17.0.54": {"first": 1676740181.037794, "last": 1678452329.431164, "alive": true}, "167.235.69.31": {"first": 1676740181.037826, "last": 1678452329.431176, "alive": true}, "195.201.23.180": {"first": 1676740181.037841, "last": 1678452329.431187, "alive": true}, "farmriterural.com.au": {"first": 1676740181.037872, "last": 1678452329.431201, "alive": true}, "cryptoidea.help": {"first": 1676740181.255582, "last": 1678452329.652533, "alive": false}, "107.189.5.161": {"first": 1676740181.344175, "last": 1678452329.718415, "alive": true}, "s3rrrv3r.xyz": {"first": 1676740181.344201, "last": 1678452329.718446, "alive": false}, "qtvotqx-krf-6.ml": {"first": 1676740181.467802, "last": 1678452329.740025, "alive": true}, "h167159.srv11.test-hf.su": {"first": 1676740181.760041, "last": 1678452330.126082, "alive": true}, "144.168.243.177": {"first": 1676740182.181086, "last": 1678452330.552244, "alive": true}, "103.133.214.139": {"first": 1676740182.181127, "last": 1678452330.552276, "alive": true}, "unionbindinqcompany.it": {"first": 1676740182.181183, "last": 1678452330.552293, "alive": true}, "77.73.134.24": {"first": 1676740182.29587, "last": 1678452308.749435, "alive": true}, "72.251.235.155": {"first": 1676740182.29591, "last": 1678452330.776959, "alive": true}, "137.175.17.190": {"first": 1676740182.295928, "last": 1678452330.776993, "alive": true}, "grantable-excesses.000webhostapp.com": {"first": 1676740182.295955, "last": 1678452330.77702, "alive": true}, "45.15.159.230": {"first": 1676740182.599192, "last": 1678452330.9894, "alive": true}, "h166794.srv12.test-hf.su": {"first": 1676740182.599237, "last": 1678452330.989439, "alive": true}, "orderedami.com": {"first": 1676740183.006986, "last": 1678452331.538379, "alive": true}, "nazarene-fire.000webhostapp.com": {"first": 1676740183.055066, "last": 1678452331.554285, "alive": true}, "188.93.233.99": {"first": 1676740183.431557, "last": 1678452331.767974, "alive": true}, "179.43.142.79": {"first": 1676740183.431597, "last": 1678452331.768008, "alive": true}, "37.77.239.239:8752": {"first": 1676740183.431617, "last": 1678452331.768026, "alive": false}, "adobetmcdn.net": {"first": 1676740183.431674, "last": 1678452331.768074, "alive": true}, "89.208.104.172": {"first": 1676740183.481675, "last": 1678452331.821297, "alive": true}, "divmainbot.pages.dev": {"first": 1676740183.481744, "last": 1678452331.821332, "alive": true}, "80.76.51.212": {"first": 1676740183.49093, "last": 1678452331.880903, "alive": true}, "35.235.126.33": {"first": 1676740183.490955, "last": 1678393471.105213, "alive": true}, "ripple-wells-2022.net": {"first": 1676740183.490999, "last": 1678223739.287205, "alive": true}, "juggenbande.site": {"first": 1676740183.537599, "last": 1677961302.544172, "alive": false}, "91.213.50.36": {"first": 1676740183.558069, "last": 1677788676.010635, "alive": true}, "77.73.133.113": {"first": 1676740183.558118, "last": 1677788676.010655, "alive": true}, "mrfreeman.shop": {"first": 1676740183.558134, "last": 1677702258.869088, "alive": false}, "jonnyomar.xyz": {"first": 1676740183.626536, "last": 1677702258.900052, "alive": false}, "198.23.188.139": {"first": 1676740193.641114, "last": 1677702268.915378, "alive": true}, "techhint24.com": {"first": 1676740193.641161, "last": 1677529475.024812, "alive": false}, "192.3.101.26": {"first": 1676740194.810364, "last": 1677183882.464352, "alive": true}, "info123info.site": {"first": 1676740194.810435, "last": 1677097424.985928, "alive": false}, "194.180.48.203": {"first": 1676740194.825729, "last": 1677019890.171551, "alive": true}, "uaery.top": {"first": 1676740194.825761, "last": 1678452308.749463, "alive": false}, "guluiiiimnstrannaer.net": {"first": 1676740204.843669, "last": 1676948284.503334, "alive": true}, "privacy-tools-for-you-453.com": {"first": 1676740204.850492, "last": 1678452329.363364, "alive": true}, "cnom.sante.gov.ml": {"first": 1676740204.875178, "last": 1676948284.583295, "alive": true}, "31.42.177.59": {"first": 1676740212.853374, "last": 1676861905.466361, "alive": true}, "85.208.136.89": {"first": 1676740212.853421, "last": 1676861905.466397, "alive": true}, "gvcaeorx.tk": {"first": 1676740212.853446, "last": 1676775390.975357, "alive": false}, "208.67.105.179": {"first": 1676740213.298217, "last": 1676775395.728934, "alive": true}, "195.74.86.227": {"first": 1676826596.28798, "last": 1678452329.363323, "alive": true}, "163.123.143.4": {"first": 1676826596.288041, "last": 1678452329.363334, "alive": true}, "194.110.203.101": {"first": 1676826596.28806, "last": 1678452329.363346, "alive": true}, "hugersi.com": {"first": 1676826596.288089, "last": 1678452329.320076, "alive": true}, "79.137.207.113": {"first": 1676924811.382267, "last": 1678452329.363287, "alive": true}, "193.38.55.218": {"first": 1676924811.382303, "last": 1678452329.363311, "alive": true}, "jiqaz.com": {"first": 1677011298.556755, "last": 1678452329.033878, "alive": false}, "www.franceconsobanque.fr": {"first": 1677011308.624347, "last": 1678452329.099686, "alive": true}, "merafm.com": {"first": 1677011308.624642, "last": 1678452329.283983, "alive": true}, "193.233.20.19": {"first": 1677097391.621686, "last": 1678452329.033857, "alive": true}, "bbc-s.news": {"first": 1677183846.491152, "last": 1678452328.842216, "alive": true}, "a0782451.xsph.ru": {"first": 1677183846.491759, "last": 1678452328.857586, "alive": true}, "94.142.138.116": {"first": 1677183846.49199, "last": 1678452329.033816, "alive": true}, "77.73.134.35": {"first": 1677615837.685009, "last": 1678452328.842174, "alive": true}, "zexeq.com": {"first": 1677788663.405866, "last": 1678452318.770142, "alive": false}, "eboka.vip": {"first": 1677788673.418804, "last": 1678452328.790023, "alive": true}, "oof00.com": {"first": 1677875009.693504, "last": 1678452308.700915, "alive": false}, "tap-taptap.com": {"first": 1678047718.336185, "last": 1678452308.68064, "alive": false}, "194.87.35.101": {"first": 1678220627.312861, "last": 1678452308.680626, "alive": true}, "www.cpasdrole.com": {"first": 1678307022.472131, "last": 1678452308.458264, "alive": true}, "tornomoita.com": {"first": 1678307022.47265, "last": 1678452308.473993, "alive": true}, "a.dowgmua.com": {"first": 1678307022.472875, "last": 1678452308.619661, "alive": true}, "www.imagn.world": {"first": 1678307022.473091, "last": 1678452308.665641, "alive": true}, "15.204.49.145": {"first": 1678307022.473332, "last": 1678452308.680599, "alive": true}, "ji.jhia6gyygcc.com": {"first": 1678452308.457895, "last": 1678452308.457924, "alive": true}}