{"62.204.41.176": {"first": 1676740181.025302, "last": 1676838356.167347, "alive": true}, "67.198.237.222": {"first": 1676740181.025361, "last": 1676838356.167391, "alive": true}, "panel984257.site": {"first": 1676740181.025384, "last": 1676838356.167415, "alive": false}, "84.21.172.35": {"first": 1676740181.037768, "last": 1676838356.179268, "alive": true}, "185.17.0.54": {"first": 1676740181.037794, "last": 1676838356.179296, "alive": true}, "167.235.69.31": {"first": 1676740181.037826, "last": 1676838356.179311, "alive": true}, "195.201.23.180": {"first": 1676740181.037841, "last": 1676838356.179323, "alive": true}, "farmriterural.com.au": {"first": 1676740181.037872, "last": 1676838356.179339, "alive": true}, "cryptoidea.help": {"first": 1676740181.255582, "last": 1676838356.346651, "alive": false}, "107.189.5.161": {"first": 1676740181.344175, "last": 1676838356.375768, "alive": true}, "s3rrrv3r.xyz": {"first": 1676740181.344201, "last": 1676838356.375802, "alive": true}, "qtvotqx-krf-6.ml": {"first": 1676740181.467802, "last": 1676838356.577348, "alive": true}, "h167159.srv11.test-hf.su": {"first": 1676740181.760041, "last": 1676838357.035196, "alive": true}, "144.168.243.177": {"first": 1676740182.181086, "last": 1676838357.82609, "alive": true}, "103.133.214.139": {"first": 1676740182.181127, "last": 1676838357.826133, "alive": true}, "unionbindinqcompany.it": {"first": 1676740182.181183, "last": 1676838357.826154, "alive": true}, "77.73.134.24": {"first": 1676740182.29587, "last": 1676838357.908605, "alive": true}, "72.251.235.155": {"first": 1676740182.29591, "last": 1676838357.908644, "alive": true}, "137.175.17.190": {"first": 1676740182.295928, "last": 1676838357.908665, "alive": true}, "grantable-excesses.000webhostapp.com": {"first": 1676740182.295955, "last": 1676838357.908699, "alive": true}, "45.15.159.230": {"first": 1676740182.599192, "last": 1676838358.311026, "alive": true}, "h166794.srv12.test-hf.su": {"first": 1676740182.599237, "last": 1676838358.311082, "alive": true}, "orderedami.com": {"first": 1676740183.006986, "last": 1676838359.127473, "alive": true}, "nazarene-fire.000webhostapp.com": {"first": 1676740183.055066, "last": 1676838359.139978, "alive": true}, "188.93.233.99": {"first": 1676740183.431557, "last": 1676838359.710029, "alive": true}, "179.43.142.79": {"first": 1676740183.431597, "last": 1676838359.710071, "alive": true}, "37.77.239.239:8752": {"first": 1676740183.431617, "last": 1676838359.710093, "alive": false}, "adobetmcdn.net": {"first": 1676740183.431674, "last": 1676838359.710169, "alive": true}, "89.208.104.172": {"first": 1676740183.481675, "last": 1676838359.769549, "alive": true}, "divmainbot.pages.dev": {"first": 1676740183.481744, "last": 1676838359.769587, "alive": true}, "80.76.51.212": {"first": 1676740183.49093, "last": 1676838359.778997, "alive": true}, "35.235.126.33": {"first": 1676740183.490955, "last": 1676838359.779021, "alive": true}, "ripple-wells-2022.net": {"first": 1676740183.490999, "last": 1676838359.779047, "alive": true}, "juggenbande.site": {"first": 1676740183.537599, "last": 1676838359.834189, "alive": false}, "91.213.50.36": {"first": 1676740183.558069, "last": 1676838359.853388, "alive": true}, "77.73.133.113": {"first": 1676740183.558118, "last": 1676838359.853415, "alive": true}, "mrfreeman.shop": {"first": 1676740183.558134, "last": 1676838359.853431, "alive": false}, "jonnyomar.xyz": {"first": 1676740183.626536, "last": 1676838359.889182, "alive": false}, "198.23.188.139": {"first": 1676740193.641114, "last": 1676838369.908593, "alive": true}, "techhint24.com": {"first": 1676740193.641161, "last": 1676838369.908657, "alive": false}, "192.3.101.26": {"first": 1676740194.810364, "last": 1676838372.202469, "alive": true}, "info123info.site": {"first": 1676740194.810435, "last": 1676838372.202528, "alive": false}, "194.180.48.203": {"first": 1676740194.825729, "last": 1676838372.213991, "alive": true}, "uaery.top": {"first": 1676740194.825761, "last": 1676838372.214018, "alive": false}, "guluiiiimnstrannaer.net": {"first": 1676740204.843669, "last": 1676838382.231124, "alive": true}, "privacy-tools-for-you-453.com": {"first": 1676740204.850492, "last": 1676838356.035544, "alive": true}, "cnom.sante.gov.ml": {"first": 1676740204.875178, "last": 1676838382.253258, "alive": true}, "31.42.177.59": {"first": 1676740212.853374, "last": 1676838383.131382, "alive": true}, "85.208.136.89": {"first": 1676740212.853421, "last": 1676838383.131427, "alive": true}, "gvcaeorx.tk": {"first": 1676740212.853446, "last": 1676775390.975357, "alive": false}, "208.67.105.179": {"first": 1676740213.298217, "last": 1676775395.728934, "alive": true}, "195.74.86.227": {"first": 1676826596.28798, "last": 1676838356.003661, "alive": true}, "163.123.143.4": {"first": 1676826596.288041, "last": 1676838356.003729, "alive": true}, "194.110.203.101": {"first": 1676826596.28806, "last": 1676838356.003749, "alive": true}, "hugersi.com": {"first": 1676826596.288089, "last": 1676838356.003766, "alive": true}}