{"62.204.41.176": {"first": 1676740181.025302, "last": 1677270240.347468, "alive": true}, "67.198.237.222": {"first": 1676740181.025361, "last": 1677270240.347493, "alive": true}, "panel984257.site": {"first": 1676740181.025384, "last": 1677270240.34751, "alive": false}, "84.21.172.35": {"first": 1676740181.037768, "last": 1677270240.371267, "alive": true}, "185.17.0.54": {"first": 1676740181.037794, "last": 1677270240.371283, "alive": true}, "167.235.69.31": {"first": 1676740181.037826, "last": 1677270240.371295, "alive": true}, "195.201.23.180": {"first": 1676740181.037841, "last": 1677270240.371305, "alive": true}, "farmriterural.com.au": {"first": 1676740181.037872, "last": 1677270240.371319, "alive": true}, "cryptoidea.help": {"first": 1676740181.255582, "last": 1677270240.592225, "alive": false}, "107.189.5.161": {"first": 1676740181.344175, "last": 1677270240.644924, "alive": true}, "s3rrrv3r.xyz": {"first": 1676740181.344201, "last": 1677270240.644953, "alive": false}, "qtvotqx-krf-6.ml": {"first": 1676740181.467802, "last": 1677270240.665323, "alive": true}, "h167159.srv11.test-hf.su": {"first": 1676740181.760041, "last": 1677270241.080452, "alive": true}, "144.168.243.177": {"first": 1676740182.181086, "last": 1677270241.502627, "alive": true}, "103.133.214.139": {"first": 1676740182.181127, "last": 1677270241.502657, "alive": true}, "unionbindinqcompany.it": {"first": 1676740182.181183, "last": 1677270241.502674, "alive": true}, "77.73.134.24": {"first": 1676740182.29587, "last": 1677270219.948621, "alive": true}, "72.251.235.155": {"first": 1676740182.29591, "last": 1677270241.695139, "alive": true}, "137.175.17.190": {"first": 1676740182.295928, "last": 1677270241.695173, "alive": true}, "grantable-excesses.000webhostapp.com": {"first": 1676740182.295955, "last": 1677270241.695201, "alive": true}, "45.15.159.230": {"first": 1676740182.599192, "last": 1677270242.005774, "alive": true}, "h166794.srv12.test-hf.su": {"first": 1676740182.599237, "last": 1677270242.00581, "alive": true}, "orderedami.com": {"first": 1676740183.006986, "last": 1677270242.133901, "alive": true}, "nazarene-fire.000webhostapp.com": {"first": 1676740183.055066, "last": 1677270242.170311, "alive": true}, "188.93.233.99": {"first": 1676740183.431557, "last": 1677270242.402024, "alive": true}, "179.43.142.79": {"first": 1676740183.431597, "last": 1677270242.402056, "alive": true}, "37.77.239.239:8752": {"first": 1676740183.431617, "last": 1677270242.402074, "alive": false}, "adobetmcdn.net": {"first": 1676740183.431674, "last": 1677270242.402123, "alive": true}, "89.208.104.172": {"first": 1676740183.481675, "last": 1677270242.437972, "alive": true}, "divmainbot.pages.dev": {"first": 1676740183.481744, "last": 1677270242.438007, "alive": true}, "80.76.51.212": {"first": 1676740183.49093, "last": 1677270242.455784, "alive": true}, "35.235.126.33": {"first": 1676740183.490955, "last": 1677270242.455799, "alive": true}, "ripple-wells-2022.net": {"first": 1676740183.490999, "last": 1677270242.455822, "alive": true}, "juggenbande.site": {"first": 1676740183.537599, "last": 1677270242.475522, "alive": false}, "91.213.50.36": {"first": 1676740183.558069, "last": 1677270242.494607, "alive": true}, "77.73.133.113": {"first": 1676740183.558118, "last": 1677270242.494653, "alive": true}, "mrfreeman.shop": {"first": 1676740183.558134, "last": 1677270242.494691, "alive": false}, "jonnyomar.xyz": {"first": 1676740183.626536, "last": 1677270242.515857, "alive": false}, "198.23.188.139": {"first": 1676740193.641114, "last": 1677270252.530075, "alive": true}, "techhint24.com": {"first": 1676740193.641161, "last": 1677270252.530111, "alive": false}, "192.3.101.26": {"first": 1676740194.810364, "last": 1677183882.464352, "alive": true}, "info123info.site": {"first": 1676740194.810435, "last": 1677097424.985928, "alive": false}, "194.180.48.203": {"first": 1676740194.825729, "last": 1677019890.171551, "alive": true}, "uaery.top": {"first": 1676740194.825761, "last": 1677270219.948653, "alive": false}, "guluiiiimnstrannaer.net": {"first": 1676740204.843669, "last": 1676948284.503334, "alive": true}, "privacy-tools-for-you-453.com": {"first": 1676740204.850492, "last": 1677270240.304536, "alive": true}, "cnom.sante.gov.ml": {"first": 1676740204.875178, "last": 1676948284.583295, "alive": true}, "31.42.177.59": {"first": 1676740212.853374, "last": 1676861905.466361, "alive": true}, "85.208.136.89": {"first": 1676740212.853421, "last": 1676861905.466397, "alive": true}, "gvcaeorx.tk": {"first": 1676740212.853446, "last": 1676775390.975357, "alive": false}, "208.67.105.179": {"first": 1676740213.298217, "last": 1676775395.728934, "alive": true}, "195.74.86.227": {"first": 1676826596.28798, "last": 1677270240.304497, "alive": true}, "163.123.143.4": {"first": 1676826596.288041, "last": 1677270240.304507, "alive": true}, "194.110.203.101": {"first": 1676826596.28806, "last": 1677270240.304517, "alive": true}, "hugersi.com": {"first": 1676826596.288089, "last": 1677270240.239723, "alive": true}, "79.137.207.113": {"first": 1676924811.382267, "last": 1677270240.304457, "alive": true}, "193.38.55.218": {"first": 1676924811.382303, "last": 1677270240.304485, "alive": true}, "jiqaz.com": {"first": 1677011298.556755, "last": 1677270229.973081, "alive": false}, "www.franceconsobanque.fr": {"first": 1677011308.624347, "last": 1677270240.002107, "alive": true}, "merafm.com": {"first": 1677011308.624642, "last": 1677270240.203512, "alive": true}, "193.233.20.19": {"first": 1677097391.621686, "last": 1677270219.948635, "alive": true}, "bbc-s.news": {"first": 1677183846.491152, "last": 1677270219.754788, "alive": true}, "a0782451.xsph.ru": {"first": 1677183846.491759, "last": 1677270219.77131, "alive": true}, "94.142.138.116": {"first": 1677183846.49199, "last": 1677270219.948583, "alive": true}}