{"62.204.41.176": {"first": 1676740181.025302, "last": 1677961299.766629, "alive": true}, "67.198.237.222": {"first": 1676740181.025361, "last": 1677961299.76665, "alive": true}, "panel984257.site": {"first": 1676740181.025384, "last": 1677961299.766667, "alive": false}, "84.21.172.35": {"first": 1676740181.037768, "last": 1677961299.785715, "alive": true}, "185.17.0.54": {"first": 1676740181.037794, "last": 1677961299.785733, "alive": true}, "167.235.69.31": {"first": 1676740181.037826, "last": 1677961299.785745, "alive": true}, "195.201.23.180": {"first": 1676740181.037841, "last": 1677961299.785755, "alive": true}, "farmriterural.com.au": {"first": 1676740181.037872, "last": 1677961299.785768, "alive": true}, "cryptoidea.help": {"first": 1676740181.255582, "last": 1677961300.005846, "alive": false}, "107.189.5.161": {"first": 1676740181.344175, "last": 1677961300.047968, "alive": true}, "s3rrrv3r.xyz": {"first": 1676740181.344201, "last": 1677961300.047995, "alive": false}, "qtvotqx-krf-6.ml": {"first": 1676740181.467802, "last": 1677961300.161915, "alive": true}, "h167159.srv11.test-hf.su": {"first": 1676740181.760041, "last": 1677961300.502042, "alive": true}, "144.168.243.177": {"first": 1676740182.181086, "last": 1677961300.924632, "alive": true}, "103.133.214.139": {"first": 1676740182.181127, "last": 1677961300.92466, "alive": true}, "unionbindinqcompany.it": {"first": 1676740182.181183, "last": 1677961300.924674, "alive": true}, "77.73.134.24": {"first": 1676740182.29587, "last": 1677961278.94551, "alive": true}, "72.251.235.155": {"first": 1676740182.29591, "last": 1677961301.249826, "alive": true}, "137.175.17.190": {"first": 1676740182.295928, "last": 1677961301.24986, "alive": true}, "grantable-excesses.000webhostapp.com": {"first": 1676740182.295955, "last": 1677961301.249886, "alive": true}, "45.15.159.230": {"first": 1676740182.599192, "last": 1677961301.544445, "alive": true}, "h166794.srv12.test-hf.su": {"first": 1676740182.599237, "last": 1677961301.544479, "alive": true}, "orderedami.com": {"first": 1676740183.006986, "last": 1677961302.095065, "alive": true}, "nazarene-fire.000webhostapp.com": {"first": 1676740183.055066, "last": 1677961302.144068, "alive": true}, "188.93.233.99": {"first": 1676740183.431557, "last": 1677961302.426875, "alive": true}, "179.43.142.79": {"first": 1676740183.431597, "last": 1677961302.426906, "alive": true}, "37.77.239.239:8752": {"first": 1676740183.431617, "last": 1677961302.426924, "alive": false}, "adobetmcdn.net": {"first": 1676740183.431674, "last": 1677961302.426972, "alive": true}, "89.208.104.172": {"first": 1676740183.481675, "last": 1677961302.473066, "alive": true}, "divmainbot.pages.dev": {"first": 1676740183.481744, "last": 1677961302.473103, "alive": true}, "80.76.51.212": {"first": 1676740183.49093, "last": 1677961302.507426, "alive": true}, "35.235.126.33": {"first": 1676740183.490955, "last": 1677961302.507444, "alive": true}, "ripple-wells-2022.net": {"first": 1676740183.490999, "last": 1677961302.507468, "alive": true}, "juggenbande.site": {"first": 1676740183.537599, "last": 1677961302.544172, "alive": false}, "91.213.50.36": {"first": 1676740183.558069, "last": 1677788676.010635, "alive": true}, "77.73.133.113": {"first": 1676740183.558118, "last": 1677788676.010655, "alive": true}, "mrfreeman.shop": {"first": 1676740183.558134, "last": 1677702258.869088, "alive": false}, "jonnyomar.xyz": {"first": 1676740183.626536, "last": 1677702258.900052, "alive": false}, "198.23.188.139": {"first": 1676740193.641114, "last": 1677702268.915378, "alive": true}, "techhint24.com": {"first": 1676740193.641161, "last": 1677529475.024812, "alive": false}, "192.3.101.26": {"first": 1676740194.810364, "last": 1677183882.464352, "alive": true}, "info123info.site": {"first": 1676740194.810435, "last": 1677097424.985928, "alive": false}, "194.180.48.203": {"first": 1676740194.825729, "last": 1677019890.171551, "alive": true}, "uaery.top": {"first": 1676740194.825761, "last": 1677961278.945573, "alive": false}, "guluiiiimnstrannaer.net": {"first": 1676740204.843669, "last": 1676948284.503334, "alive": true}, "privacy-tools-for-you-453.com": {"first": 1676740204.850492, "last": 1677961299.722553, "alive": true}, "cnom.sante.gov.ml": {"first": 1676740204.875178, "last": 1676948284.583295, "alive": true}, "31.42.177.59": {"first": 1676740212.853374, "last": 1676861905.466361, "alive": true}, "85.208.136.89": {"first": 1676740212.853421, "last": 1676861905.466397, "alive": true}, "gvcaeorx.tk": {"first": 1676740212.853446, "last": 1676775390.975357, "alive": false}, "208.67.105.179": {"first": 1676740213.298217, "last": 1676775395.728934, "alive": true}, "195.74.86.227": {"first": 1676826596.28798, "last": 1677961299.722516, "alive": true}, "163.123.143.4": {"first": 1676826596.288041, "last": 1677961299.722526, "alive": true}, "194.110.203.101": {"first": 1676826596.28806, "last": 1677961299.722535, "alive": true}, "hugersi.com": {"first": 1676826596.288089, "last": 1677961299.675056, "alive": true}, "79.137.207.113": {"first": 1676924811.382267, "last": 1677961299.72248, "alive": true}, "193.38.55.218": {"first": 1676924811.382303, "last": 1677961299.722503, "alive": true}, "jiqaz.com": {"first": 1677011298.556755, "last": 1677961299.21634, "alive": false}, "www.franceconsobanque.fr": {"first": 1677011308.624347, "last": 1677961299.289993, "alive": true}, "merafm.com": {"first": 1677011308.624642, "last": 1677961299.62795, "alive": true}, "193.233.20.19": {"first": 1677097391.621686, "last": 1677961299.216319, "alive": true}, "bbc-s.news": {"first": 1677183846.491152, "last": 1677961299.022875, "alive": true}, "a0782451.xsph.ru": {"first": 1677183846.491759, "last": 1677961299.03852, "alive": true}, "94.142.138.116": {"first": 1677183846.49199, "last": 1677961299.216281, "alive": true}, "77.73.134.35": {"first": 1677615837.685009, "last": 1677961299.022755, "alive": true}, "zexeq.com": {"first": 1677788663.405866, "last": 1677961288.96807, "alive": false}, "eboka.vip": {"first": 1677788673.418804, "last": 1677961298.984661, "alive": true}, "oof00.com": {"first": 1677875009.693504, "last": 1677961278.92285, "alive": false}}