{"62.204.41.176": {"first": 1676740181.025302, "last": 1676740601.653932, "alive": true}, "67.198.237.222": {"first": 1676740181.025361, "last": 1676740601.653965, "alive": true}, "panel984257.site": {"first": 1676740181.025384, "last": 1676740601.653985, "alive": false}, "84.21.172.35": {"first": 1676740181.037768, "last": 1676740601.673508, "alive": true}, "185.17.0.54": {"first": 1676740181.037794, "last": 1676740601.673537, "alive": true}, "167.235.69.31": {"first": 1676740181.037826, "last": 1676740601.673551, "alive": true}, "195.201.23.180": {"first": 1676740181.037841, "last": 1676740601.673564, "alive": true}, "farmriterural.com.au": {"first": 1676740181.037872, "last": 1676740601.673579, "alive": true}, "cryptoidea.help": {"first": 1676740181.255582, "last": 1676740601.894639, "alive": false}, "107.189.5.161": {"first": 1676740181.344175, "last": 1676740601.975802, "alive": true}, "s3rrrv3r.xyz": {"first": 1676740181.344201, "last": 1676740601.975839, "alive": true}, "qtvotqx-krf-6.ml": {"first": 1676740181.467802, "last": 1676740602.109449, "alive": true}, "h167159.srv11.test-hf.su": {"first": 1676740181.760041, "last": 1676740606.498219, "alive": true}, "144.168.243.177": {"first": 1676740182.181086, "last": 1676740606.924871, "alive": true}, "103.133.214.139": {"first": 1676740182.181127, "last": 1676740606.924911, "alive": true}, "unionbindinqcompany.it": {"first": 1676740182.181183, "last": 1676740606.92493, "alive": true}, "77.73.134.24": {"first": 1676740182.29587, "last": 1676740607.068483, "alive": true}, "72.251.235.155": {"first": 1676740182.29591, "last": 1676740607.068525, "alive": true}, "137.175.17.190": {"first": 1676740182.295928, "last": 1676740607.068543, "alive": true}, "grantable-excesses.000webhostapp.com": {"first": 1676740182.295955, "last": 1676740607.068574, "alive": true}, "45.15.159.230": {"first": 1676740182.599192, "last": 1676740607.280044, "alive": true}, "h166794.srv12.test-hf.su": {"first": 1676740182.599237, "last": 1676740607.280093, "alive": true}, "orderedami.com": {"first": 1676740183.006986, "last": 1676740607.707167, "alive": true}, "nazarene-fire.000webhostapp.com": {"first": 1676740183.055066, "last": 1676740607.722766, "alive": true}, "188.93.233.99": {"first": 1676740183.431557, "last": 1676740607.932551, "alive": true}, "179.43.142.79": {"first": 1676740183.431597, "last": 1676740607.932595, "alive": true}, "37.77.239.239:8752": {"first": 1676740183.431617, "last": 1676740607.932618, "alive": false}, "adobetmcdn.net": {"first": 1676740183.431674, "last": 1676740607.932678, "alive": true}, "89.208.104.172": {"first": 1676740183.481675, "last": 1676740607.992167, "alive": true}, "divmainbot.pages.dev": {"first": 1676740183.481744, "last": 1676740607.992231, "alive": true}, "80.76.51.212": {"first": 1676740183.49093, "last": 1676740608.010218, "alive": true}, "35.235.126.33": {"first": 1676740183.490955, "last": 1676740608.010259, "alive": true}, "ripple-wells-2022.net": {"first": 1676740183.490999, "last": 1676740608.01029, "alive": true}, "juggenbande.site": {"first": 1676740183.537599, "last": 1676740608.056653, "alive": false}, "91.213.50.36": {"first": 1676740183.558069, "last": 1676740608.078658, "alive": true}, "77.73.133.113": {"first": 1676740183.558118, "last": 1676740608.078711, "alive": true}, "mrfreeman.shop": {"first": 1676740183.558134, "last": 1676740608.078731, "alive": false}, "jonnyomar.xyz": {"first": 1676740183.626536, "last": 1676740608.099673, "alive": false}, "198.23.188.139": {"first": 1676740193.641114, "last": 1676740618.116831, "alive": true}, "techhint24.com": {"first": 1676740193.641161, "last": 1676740618.116875, "alive": false}, "192.3.101.26": {"first": 1676740194.810364, "last": 1676740619.32623, "alive": true}, "info123info.site": {"first": 1676740194.810435, "last": 1676740619.326286, "alive": false}, "194.180.48.203": {"first": 1676740194.825729, "last": 1676740619.350409, "alive": true}, "uaery.top": {"first": 1676740194.825761, "last": 1676740619.35045, "alive": false}, "guluiiiimnstrannaer.net": {"first": 1676740204.843669, "last": 1676740629.367862, "alive": true}, "privacy-tools-for-you-453.com": {"first": 1676740204.850492, "last": 1676740629.414462, "alive": true}, "cnom.sante.gov.ml": {"first": 1676740204.875178, "last": 1676740629.429648, "alive": true}, "31.42.177.59": {"first": 1676740212.853374, "last": 1676740638.947682, "alive": true}, "85.208.136.89": {"first": 1676740212.853421, "last": 1676740638.947728, "alive": true}, "gvcaeorx.tk": {"first": 1676740212.853446, "last": 1676740638.947753, "alive": false}, "208.67.105.179": {"first": 1676740213.298217, "last": 1676740639.368126, "alive": true}}